name,website,description,emails,phones,address,city,state,services
Ecolab,https://www.ecolab.com,"Global leader in water, hygiene, and infection prevention solutions, providing cleaning products and","info@ecolab.com, customerservice@ecolab.com",,"1 Ecolab Pl, St. Paul, MN 55102",St. Paul,MN,"Lab cleaning products, Sanitization, Water systems"
Diversey,https://www.diversey.com,"Global provider of cleaning and hygiene solutions, specializing in infection prevention and environm","info@diversey.com, customerservice@diversey.com",,"2325 Wauer Rd, Allentown, PA 18104",Allentown,PA,"Cleaning chemicals, Lab hygiene, Training"
Sealed Air,https://www.sealedair.com,Cleaning and sanitization products,directors@sealedair.com,"100.1920, 100.1280, 430-7000, 221-3235, 648-9093, 2226241, 980-430-7000, 800-648-9093, 980-221-3235, 9105043778",,,,"Sanitization, Cleaning systems, Food safety"
Kimberly-Clark Professional,https://www.kcprofessional.com,Lab cleaning and safety products,,"800-678-6577, 844-462-4666, 888-436-6881, 234-1460, 1771487417, 987-7373, 800-733-4000, 733-4000, 866-987-7373, 678-6577, 436-6881, 1771487418, 462-4666, 800-234-1460, 1771487420",,,,"Wipes, Cleaning products, PPE"
3M Health Care,https://www.3m.com/3M/en_US/healthcare/,Healthcare and lab cleaning products,"jdoe@3m.com, janedoe@3m.com",,,,,"Disinfectants, Cleaning solutions, Infection control"
CloroxPro,https://www.cloroxpro.com,"Professional cleaning and disinfection brand providing laboratory-grade sanitizers, disinfectants, a","info@cloroxpro.com, professional@clorox.com",888-797-7225," PO Box 24305, Oakland, CA 94623",Oakland,CA,"Disinfectants, Cleaners, Lab sanitation"
Betco,https://www.betco.com,Professional cleaning solutions,customerservice@betco.com,"877-856-5954, 888-462-3826, 856-5954, 1020292, 1021292, 462-3826",,,,"Cleaning chemicals, Disinfectants, Training"
